age,going
35,No
41,No
33,No
31,No
30,No
38,No
48,No
39,No
9e22,Yes
54,No
40,No
38,No
33,No
36,No
47,No
60,Yes
34,No
44,Yes
46,No
34,No
46,No
47,No
52,No
38,No
33,No
44,No
37,No
33,No
57,No
32,No
45,No
38,No
58,Yes
43,No
45,Yes
60,No
NA,No
49,No
34,No
NA,No
36,No
47,No
52,No
30,No
54,No
64,No
26,No
64,No
46,Yes
53,No
NA,No
32,No
57,No
27,No
NA,Yes
54,No
31,No
NA,No
50,No
42,No
32,No
NA,No
30,No
28,No
NA,No
44,Yes
54,Yes
38,Yes
38,No
37,No
35,No
43,No
33,No
13,Yes
51,Yes
33,No
70,No
46,No
51,No
44,No
41,No
47,No
46,No
NA,No
NA,No
43,No
43,No
36,No
70,No
19,No
32,No
35,No
27,No
43,Yes
45,No
25,No
33,No
36,No
32,No
51,No
36,No
26,No
59,No
32,No
39,Yes
61,No
31,No
42,No
33,No
42,No
52,No
33,Yes
38,Yes
46,No
31,No
34,No
37,No
23,No
46,No
42,No
40,No
NA,No
40,No
33,No
37,No
35,No
33,No
35,No
39,No
32,No
27,No
NA,No
41,Yes
55,No
32,No
37,No
13,Yes
36,No
39,No
38,No
47,No
46,Yes
33,No
45,No
31,No
44,No
40,No
33,No
45,No
38,No
13,Yes
46,No
38,No
53,No
33,No
12,Yes
33,No
40,Yes
51,No
37,No
32,No
NA,Yes
43,No
41,No
27,No
36,No
32,No
32,No
39,No
32,No
49,No
27,No
45,No
34,No
36,No
NA,Yes
12,Yes
12,Yes
50,No
13,Yes
12,Yes
59,No
36,No
46,No
46,Yes
47,No
55,No
38,No
33,No
NA,No
35,Yes
60,No
49,No
32,No
21,No
28,No
55,No
42,No
44,No
16,Yes
27,No
40,Yes
49,No
NA,No
39,No
53,No
35,No
51,No
50,No
56,No
58,No
49,No
49,No
49,No
NA,No
35,No
41,No
48,No
41,No
22,No
42,No
30,No
33,No
26,No
34,No
53,No
52,No
57,No
NA,No
33,No
34,Yes
32,No
39,No
6,Yes
58,No
22,No
6,Yes
29,No
46,No
64,No
42,No
55,No
48,No
39,No
30,No
46,No
35,No
30,No
45,No
38,No
42,No
64,No
35,No
30,No
64,No
NA,No
26,Yes
50,No
43,No
29,No
43,Yes
45,No
37,No
34,No
35,No
NA,No
53,No
37,No
45,No
32,No
40,No
60,No
58,No
NA,No
43,Yes
30,No
48,No
44.4444,No
39,No
43,No
36,No
35,Yes
55,No
58,No
34,No
31,No
31,No
53,No
NA,No
26,No
40,No
44,No
43,No
42,No
40,No
26,No
51,No
58,No
46,No
52,No
26,No
54,No
43,No
41,No
32,No
45,Yes
34,No
40,No
54,No
36,No
30,No
55,Yes
47,No
41,No
38,No
27,Yes
40,No
27,No
31,No
36,No
32,No
33,No
32,No
36,No
30,No
27,No
24,No
36,No
33,No
48,No
40,No
NA,No
58,No
41,No
51,No
34,No
32,No
41,No
NA,No
48,No
48,No
32,Yes
44,No
31,No
39,No
44,No
31,No
41,Yes
32,No
40,No
NA,No
8,Yes
44,No
34,No
44,No
43,Yes
39,No
44,No
38,Yes
22,No
50,No
40,No
NA,No
37,No
30,No
42,No
39,Yes
NA,No
43,No
44,No
59,No
27,No
30,No
45,No
54,No
45,No
20,Yes
NA,Yes
28,No
1880,No
35,No
58,No
43,No
46,No
39,No
15,No
NA,No
29,No
32,Yes
50,No
24,No
59,No
57,No
56,No
44,No
48,No
31,No
NA,No
16,No
50,No
45,No
43,Yes
25,No
35,No
46,No
50,No
43,No
34,No
32,No
44,No
36,No
45,Yes
31,No
26,No
38,No
47,No
30,No
49,No
36,No
29,No
19,No
55,No
27,No
24,No
NA,No
NA,No
42,No
42,Yes
40,No
NA,Yes
NA,No
43,No
42,No
19,No
21,No
34,No
50,No
54,No
19,No
36,No
32,No
45,No
28,No
41,No
27,No
37,No
34,No
35,No
20,No
36,No
71,No
48,No
47,No
41,Yes
58,No
37,No
41,No
45,No
42,No
46,No
NA,No
30,No
39,No
42,Yes
75,No
42,No
28,No
45,No
32,No
34,No
32,No
27,No
47,No
59,No
37,No
33,No
46,No
28,No
51,No
46,No
23,No
33,No
33,No
61,No
36,No
36,No
29,No
40,No
47,Yes
35,Yes
45,No
46,No
NA,No
39,No
37,Yes
31,No
40,No
42,Yes
55,No
40,No
57,No
43,No
28,No
50,No
51,No
44,No
NA,No
50,No
35,No
31,No
50,No
30,No
32,No
56,No
34,No
NA,No
45,No
30,No
31,No
36,No
18,No
45,No
29,No
17,Yes
17,Yes
35,No
17,No
17,No
45,No
52,No
18,No
18,Yes
43,Yes
18,Yes
18,Yes
37,No
19,No
35,No
40,No
18,No
21,No
18,No
18,No
18.17,Yes
47,No
18.75,No
18,No
29,No
18,No
19,No
43,No
NA,No
NA,No
47,No
64,No
26,No
50,No
45,No
30,No
30,No
38,No
56,No
35,No
63,No
50,No
47,No
46,No
24,No
42,No
50,No
46,No
37,No
32,No
46,No
37,No
30,No
48,No
44,No
44,No
26,No
35,No
54,No
26,No
44,No
65,No
58,No
58,No
44,No
34,No
62,No
46,No
29,No
33,No
45,No
22,Yes
39,Yes
41,No
43,No
29,No
48,No
18,No
45,No
42,No
38,No
69,No
35,No
31,No
42,No
65,No
46,No
NA,No
36,No
54,Yes
47,No
30,No
38,No
46,No
47,No
46,No
33,No
42,Yes
31,No
42,Yes
33,No
37,No
27,No
30,Yes
35,No
36,No
71,No
28,No
32,No
38,No
53,No
37,Yes
NA,No
NA,No
27,No
37,No
49,No
67,No
38,No
47,Yes
39,No
49,No
34,No
37,No
30,No
33,No
35,No
38,No
35,No
49,No
51,No
31,No
53,No
39,Yes
30,No
NA,No
22,No
53,No
NA,No
13,Yes
43,No
17,No
30,No
35,No
45,No
33,No
40,No
NA,No
46,Yes
42,No
56,No
30,Yes
66,No
66,No
33,No
8,Yes
39,No
74,No
74,No
30,No
61,No
29,No
37,Yes
38,Yes
40,No
30,No
47,No
54,No
35,Yes
38,No
52,No
31,No
32,No
46,No
22,No
38,No
37,No
46,No
58,No
46,No
50,No
NA,Yes
33,No
34,No
28,No
48,No
49,No
47,Yes
40,No
50,No
34,No
65,No
33,No
36,No
40,No
18,No
43,No
45,No
30,No
43,No
46,No
40,No
28,No
33,No
25,No
NA,Yes
13,Yes
61,No
36,No
39,Yes
21,No
27,No
49,No
34,No
44,No
51,No
36,No
33,Yes
43,No
35,No
10,Yes
54,No
57,No
52,No
52,No
65,No
28,No
36,No
30,No
22,No
32,No
51,No
67,No
50,No
52,No
42,No
44,No
45,No
31,No
45,No
44,No
NA,No
37,No
NA,No
24,No
NA,No
51,No
38,No
40,No
NA,No
39,No
25,No
35,No
38,No
40,Yes
NA,No
26,No
NA,No
30,No
26,No
45,Yes
34,No
43,No
62,No
45,No
NA,No
41,Yes
49,No
NA,Yes
39,No
32,No
32,No
60,No
45,No
50,No
67,No
44,No
37,No
43,No
56,No
49,No
43,No
56,No
48,No
44,No
46,No
55,No
51,No
18,No
45,No
52,No
29,No
NA,No
42,Yes
43,No
25,No
33,No
52,No
16,No
42,Yes
32,No
40,Yes
47,No
44,No
52,No
50,No
62,No
58,Yes
32,No
58,No
66,No
58,No
43,No
44,No
42,No
47,No
20,No
44,No
29,No
43,No
43,Yes
56,No
42,No
21,No
20,No
43,No
43,No
58,No
37,No
30,No
54,No
21,No
NA,No
50,No
34,No
36,No
38,No
37,No
NA,No
36,No
32,No
44,No
55,No
51,No
NA,No
NA,No
33,No
46,No
NA,No
64,No
45,No
64,No
45,No
37,No
29,No
34,No
40,No
42,No
52,Yes
45,No
47,No
35,No
26,No
42,No
37,No
72,No
38,No
39,No
40,No
28,No
35,Yes
40,No
40,No
40,No
48,No
28,No
42,No
49,No
45,Yes
44,No
20,No
38,No
42,No
42,No
52,No
45,No
44,Yes
45,No
50,No
22,No
23,No
NA,No
39,No
33,Yes
22,No
44,No
45,No
50,No
50,Yes
54,No
200587,Yes
40,No
33,Yes
43,No
47,No
42,No
53,No
30,No
32,No
NA,No
58,No
40,No
28,No
40,No
36,No
45,No
NA,No
50,No
56,No
32,Yes
14,No
38,No
44,No
57,No
60,No
35,No
28,No
58,No
37,No
48,No
51,No
33,No
44,No
30,No
37,No
30,No
42,No
40,No
44,No
45,No
46,No
48,No
43,No
56,No
55,No
46,Yes
51,No
50,No
49,No
43,No
28,No
35,No
48,No
38,No
39,No
45,No
12,Yes
30,No
53,No
52,No
37,No
25,No
52,No
45,No
NA,No
32,No
30,No
44,No
54,No
50,No
38,No
32,No
41,No
50,No
35,No
46,No
46,No
59,No
56,No
65,No
48,No
45,No
9,Yes
33,No
52,No
40,No
36,No
11,No
37,No
13,Yes
52,No
9,Yes
33,No
54,No
32,No
36,No
13,Yes
68,No
33,No
37,No
29,No
48,No
31,No
46,No
71,No
57,No
40,Yes
33,No
26,No
9,Yes
42,No
62,No
30,No
62,No
35,No
NA,No
54,No
36,No
53,No
26,No
50,No
29,No
27,No
31,No
34,No
35,No
38,Yes
33,No
58,No
31,No
41,No
35,No
25,No
49,No
31,No
51,No
61,No
30,No
40,Yes
10,Yes
51,No
36,No
46,No
55,No
47,No
44,No
42,No
67,No
61,No
30,Yes
40,No
67,No
50,No
26,No
40,No
41,No
44,No
30,No
36,No
66,No
50,No
44,No
27,No
48,No
46,No
44,No
38,No
36,No
35,No
32,No
27,No
37,No
55,No
37,Yes
55,No
55,No
37,Yes
30,No
32,No
26,No
48,No
53,No
28,No
30,No
29,No
40,No
38,No
57,No
NA,No
48,No
55,Yes
33,No
57,No
59,No
32,No
40,Yes
23,No
25,No
NA,No
41,No
56,No
46,No
40,No
66,No
56,No
40,No
51,Yes
99,No
45,Yes
51,No
30,No
45,No
40,Yes
43,No
39,Yes
27,No
26,No
34,No
28,No
37,No
26,No
40,No
33,No
45,No
55,No
31,No
40,No
31,No
39,No
39,No
49,Yes
42,No
59,No
31,No
30,No
39,No
30,No
34,No
52,No
41,No
44,No
42,No
47,No
21,No
32,No
40,No
38,No
42,No
39,No
43,Yes
50,No
22,No
22,No
38,No
51,No
53,No
43,No
31,No
32,No
16,No
48,No
70,No
46,Yes
45,No
60,No
10,Yes
28,No
49,No
9,Yes
34,No
46,No
11,Yes
65,No
43,No
39,No
38,No
40,No
47,No
45,No
35,No
44,No
46,No
NA,No
58,No
57,No
38,Yes
NA,Yes
30,No
32,No
45,No
42,No
48,No
57,No
39,No
57,No
28,No
50,No
55,No
63,No
35,No
45,No
49,No
31,No
30,No
48,No
19,No
34,No
54,No
31,No
62,No
43,No
65,No
43,No
42,No
67,No
49,No
49,No
58,No
32,No
30,No
53,No
36,No
45,No
23,No
34,No
44,No
34,No
17,No
55,No
25,No
41,No
48,No
40,No
25,No
NA,No
43,Yes
32,No
13,Yes
47,No
35,No
33,No
54,No
54,No
54,No
NA,No
54,No
67,No
NA,No
5,Yes
51,No
43,No
40,No
43,Yes
38,No
NA,No
32,No
72,No
44,No
NA,No
32,No
53,No
26,No
NA,No
32,No
72,No
35,No
44,No
59,No
37,No
22,No
33,No
37,No
50,No
47,No
54,No
41,No
40,No
44,No
31,No
45,No
41,No
34,No
52,No
54,No
58,No
28,Yes
28,No
45,No
30,No
69,No
31,No
32,No
30,No
67,No
42,No
44,No
34,No
45,Yes
44,Yes
41,No
NA,No
44,No
37,No
NA,No
34,No
54,No
34,No
53,Yes
33,No
64,No
36,No
44,No
35,No
35,Yes
58,No
44,No
58,No
19,No
39,No
49,No
56,No
NA,No
NA,No
40,No
56,No
49,Yes
44,No
17,Yes
18,Yes
NA,No
NA,No
7,No
NA,Yes
34,No
57,No
39,No
28,No
44,No
44,No
23,Yes
27,No
48,No
43,No
43,No
26,No
34,No
44,No
34,No
27,No
45,No
35,No
68,No
38,No
32,No
33,No
31,No
47,No
19,No
43,No
33,No
54,No
49,No
45,No
63,No
45,No
40,Yes
34,No
35,Yes
35,No
22,No
46,No
30,No
11,Yes
33,No
36,No
34,No
NA,No
30,No
33,No
NA,No
56,No
43,No
67,No
43,Yes
37,No
49,No
NA,No
46,No
23,No
44,No
31,No
44,No
41,No
NA,No
67,No
23,No
39,No
46,No
39,No
41,No
47,No
26,No
NA,No
58,No
62,No
37,No
NA,No
25,No
34,No
36,No
35,No
NA,No
45,No
42,No
57,No
46,No
57,No
38,No
32,No
29,No
42,No
34,No
41,No
39,No
14,Yes
33,No
60,No
46,No
49,No
27,No
50,No
36,No
51,No
35,No
31,No
47,No
70,No
52,No
62,No
43,No
NA,No
54,No
37,No
41,No
64,No
31,No
62,No
NA,No
33,No
36,No
30,No
51,No
37,No
41,No
49,No
20,Yes
52,No
31,No
NA,No
44,Yes
16,Yes
14,Yes
35,No
38,No
14,Yes
NA,No
NA,No
NA,No
NA,No
NA,No
57,No
38,No
27,No
36,No
51,No
53,No
46,No
50,No
NA,No
31,No
14,Yes
26,No
34,No
24,No
41,Yes
39,No
38,No
34,No
34,No
34,No
41,No
55,No
47,No
37,No
23,No
46,No
29,No
34,No
35,No
21,No
43,No
56,No
33,Yes
37,No
36,No
NA,No
34,No
29,No
34,No
35,No
28,No
56,No
20,No
35,No
62,No
54,No
15,Yes
45,No
57,No
33,No
44,No
55,No
23,No
31,No
43,No
34,No
36,No
31,No
63,No
31,No
44,No
34,No
46,No
53,No
40,Yes
NA,No
32,No
39,No
77,Yes
52,No
40,No
74,No
41,No
52,No
53,No
30,No
75,No
NA,No
49,No
NA,No
NA,No
31,No
56,No
NA,No
39,No
41,No
27,No
46,No
43,No
NA,Yes
41,No
39,No
47,No
50,No
36,Yes
51,No
27,No
43,No
NA,No
26,No
46,No
34,No
32,Yes
55,No
60,No
69,No
70,No
39,No
46,Yes
35,No
37,No
100,No
30,No
45,No
54,No
44,No
30,No
58,No
42,No
33,No
9,Yes
61,No
27,No
43,Yes
38,Yes
60,No
100,No
40,No
40,No
46,No
40,No
45,No
34,Yes
48,No
46,No
NA,No
45,Yes
45,Yes
29,No
47,No
40,No
NA,No
27,No
34,No
51,No
46,No
36,No
35,No
34,No
44,No
48,No
36,No
29,No
NA,No
33,No
51,No
53,No
37,No
42,No
36,Yes
29,No
45,No
NA,No
49,No
35,Yes
57,No
28,No
47,No
29,No
50,No
53,Yes
25,No
27,No
41,Yes
47,No
60,No
33,No
47,No
31,No
52,No
33,No
37,No
54,No
19,No
18,No
34,No
32,No
52,No
41,Yes
44,No
33,No
38,No
42,No
37,No
27,No
44,No
48,No
50,No
42,No
52,No
50,Yes
61,No
38,No
44,No
19,No
49,Yes
24,No
46,No
44,No
38,No
49,No
47,No
35,Yes
NA,No
40,No
50,No
37,No
17,Yes
38,No
16,No
32,No
50,No
63,Yes
14,Yes
33,No
55,No
51,No
54,No
51,No
47,No
45,No
20,No
19,Yes
24,Yes
NA,No
20,No
22,Yes
21,No
14,No
35,No
38,No
27,No
NA,No
31,No
25,No
39,No
16,No
16,Yes
13,Yes
13,Yes
52,No
45,No
45,No
45,No
45,No
37,No
44,No
51,No
33,No
32,No
28,No
36,No
17,Yes
16,Yes
17,Yes
63,No
15,No
40,No
31,No
58,No
47,No
19,No
20,No
35,No
23,No
NA,No
38,Yes
45,No
45,No
45,No
39,No
35,Yes
27,No
29,No
29,No
25,No
32,No
37,No
45,No
NA,No
33,No
48,No
47,No
48,No
24,No
43,No
48,No
45,No
20,No
32,No
41,No
35,No
20,No
115,Yes
48,No
27,No
48,No
48,No
13,Yes
13,Yes
40,No
24,No
26,No
24,No
57,No
32,No
21,Yes
NA,No
22,No
54,No
26,No
45,No
55,No
27,No
60,No
33,No
45,No
46,No
29,No
70,No
39,No
53,No
49,No
17,Yes
40,Yes
46,No
39,Yes
46,No
39,No
42,No
NA,No
70,No
49,Yes
26,No
42,Yes
50,No
42,No
37,No
38,No
24,No
47,No
NA,Yes
NA,Yes
52,Yes
45,Yes
16,No
35,No
45,No
45,No
46,No
51,No
47,No
47,No
32,No
40,Yes
43,Yes
37,No
26,No
54,No
54,No
22,No
29,No
34,No
38,No
32,No
32,No
61,No
45,No
39,Yes
30,No
40,No
45,No
42,No
33,No
27,No
43,No
44,No
40,No
NA,No
42,No
45,No
37,No
50,No
45,No
24,No
37,No
45,No
30,No
43,Yes
59,No
46,No
40,No
32,No
46,Yes
32,No
29,No
39,No
40,No
30,No
35,No
35,No
14,No
43,No
31,No
31,No
55,No
28,No
24,No
29,No
51,No
29,No
34,No
36,No
33,No
24,No
34,No
33,No
25,No
36,No
34,No
34,No
22,No
30,No
34,No
24,No
41,No
35,No
33,No
24,No
27,No
33,No
27,No
38,No
47,No
35,No
35,No
33,No
52,No
27,No
31,No
11,Yes
23,No
29,No
26,No
28,No
58,No
56,No
25,No
NA,No
19,No
31,No
29,No
37,No
35,No
56,No
20,No
31,No
NA,No
24,No
36,No
27,No
30,No
22,No
30,No
25,Yes
23,No
45,No
20,No
28,No
24,No
NA,No
35,No
29,No
29,No
17,No
33,No
42,No
45,No
45,No
35,No
30,No
32,No
25,No
28,No
35,No
47,Yes
25,No
29,No
23,No
21,No
50,No
28,No
29,No
34,No
31,No
24,No
23,No
45,Yes
21,No
37,No
42,No
32,No
27,No
31,No
32,No
34,Yes
43,No
30,No
26,No
33,No
39,No
54,No
35,No
25,No
25,No
56,Yes
20,No
25,No
26,No
35,No
27,No
62,No
33,No
31,No
37,No
30,No
26,No
24,No
23,No
30,No
29,No
24,No
50,No
32,No
27,No
33,No
65,No
22,No
37,No
48,No
22,No
38,Yes
21,No
32,No
43,No
27,No
34,No
26,No
34,No
NA,No
37,No
29,No
56,No
54,No
19,No
53,No
55,No
33,No
42,No
30,No
19,No
29,No
58,No
23,No
35,No
21,No
27,No
31,No
25,No
NA,No
23,No
26,No
26,No
45,No
16,Yes
33,No
33,No
30,No
28,No
NA,No
23,No
41,No
27,No
23,No
24,Yes
NA,No
48,No
30,No
52,No
26,No
41,No
42,No
32,No
19,No
30,No
30,No
NA,Yes
32,No
25,No
27,No
33,Yes
29,No
31,No
36,No
22,No
40,No
NA,No
31,No
33,Yes
36,No
30,No
23,No
45,No
30,No
45,No
38,Yes
32,No
33,No
36,No
28,No
NA,No
37,No
34,No
28,No
27,No
41,No
24,No
23,No
32,No
31,No
26,No
NA,Yes
42,No
29,No
16,Yes
39,No
28,No
27,No
26,No
30,No
39,No
52,No
33,No
29,No
23,No
25,No
26,No
38,Yes
50,No
19,Yes
34,No
52,No
34,No
45,No
18,No
30,No
26,No
25,No
25,No
29,No
35,No
28,No
19,No
34,No
31,Yes
6,Yes
34,No
29,No
34,No
45,No
NA,No
NA,No
25,No
45,No
36,No
27,No
35,No
30,No
39,No
29,No
31,No
30,No
28,No
23,Yes
48,No
33,No
28,No
20,No
36,No
48,No
32,No
23,No
44,No
31,No
NA,No
29,No
24,No
19,No
28,No
41,No
31,No
35,Yes
41,No
NA,No
39,No
20,No
55,No
33,No
27,No
27,No
31,Yes
24,No
31,No
40,No
51,No
36,Yes
23,No
29,No
52,No
27,No
30,No
44,No
24,No
26,No
22,No
27,No
30,No
24,No
63,No
20,No
NA,Yes
26,No
24,No
34,No
21,No
41,No
33,No
50,Yes
53,No
47,No
42,No
40,No
24,No
41,No
35,No
23,No
30,No
40,No
30,No
43,No
29,No
35,No
30,No
31,No
40,No
34,No
27,No
31,No
36,No
15,No
43,No
41,No
30,No
24,No
20,No
NA,No
24,No
29,No
50,No
35,No
38,No
30,No
22,No
31,No
26,No
21,No
36,No
24,No
50,No
23,No
28,No
41,No
27,No
52,No
19,No
42,No
29,No
23,No
21,Yes
27,No
22,No
23,No
38,No
23,No
29,No
30,No
27,No
26,No
26,No
21,No
31,No
46,No
20,No
25,No
55,No
32,No
35,No
55,No
24,No
33,No
39,No
26,No
47,No
35,No
34,No
35,No
29,No
35,No
48,No
21,Yes
26,No
26,No
52,No
28,No
28,No
23,No
33,No
26,No
40,No
46,No
26,No
60,Yes
50,No
51,No
24,No
27,No
57,No
13,Yes
23,No
26,No
22,No
34,No
29,No
33,No
35,No
34,No
30,No
70,No
49,No
27,No
27,No
38,No
59,No
40,Yes
51,No
25,No
14,Yes
6,Yes
28,No
32,No
24,No
34,Yes
22,No
35,No
35,No
44,No
24,No
28,No
42,No
35,No
32,No
25,No
18,No
34,No
37,No
16,No
65,No
41,No
28,No
51,No
41,No
NA,No
44,No
29,No
39,No
42,No
33,No
NA,No
19,No
21,No
19,No
NA,No
NA,No
33,No
40,No
28,No
29,No
53,No
50,No
43,Yes
34,No
31,Yes
29,No
34,No
36,No
43,No
20,No
26,No
31,No
30,Yes
NA,No
37,Yes
12,Yes
38,No
29,No
75,No
29,No
35,Yes
11,Yes
18,No
50,Yes
22,No
26,No
13,Yes
49,No
25,No
29,No
29,No
35,No
23,No
41,No
50,No
NA,No
29,No
28,No
31,Yes
32,No
37,No
31,No
24,No
31,No
33,No
23,No
25,No
26,No
40,No
34,No
32,No
35,No
24,No
30,No
28,No
22,Yes
48,No
34,No
53,No
24,No
26,No
30,No
34,Yes
19,No
31,No
NA,No
39,No
NA,No
58,No
45,No
63,No
30,No
22,No
NA,No
33,No
42,No
23,No
38,No
45,No
27,No
31,No
35,No
64,No
32,No
48,No
23,No
34,No
23,No
24,No
26,No
44,No
69,No
22,No
NA,Yes
49,No
NA,No
34,No
13,Yes
34,No
52,No
42,No
28,Yes
NA,No
40,No
21,No
36,No
35,No
27,No
24,No
33,No
53,No
48,No
55,No
31,No
42,Yes
NA,No
30,No
40,No
37,No
42,Yes
30,No
52,No
41,No
11,Yes
33,No
45,No
35,No
33,No
50,No
36,No
62,No
36,No
34,No
NA,No
31,No
35,No
27,No
24,No
34,No
30,No
66,No
35,No
24,No
28,No
25,No
35,No
24,No
33,No
40,No
22,No
40,Yes
58,Yes
35,No
45,No
53,No
30,No
35,No
29,No
32,Yes
28,No
40,No
32,No
38,No
27,No
30,No
22,No
28,No
48,No
57,No
35,Yes
44,No
24,No
37,No
28,No
28,No
25,No
27,No
NA,No
34,No
NA,No
42,No
48,No
22,No
45,Yes
41,Yes
32,No
30,No
44,No
43,No
45,No
32,No
35,Yes
31,No
42,No
41,Yes
23,Yes
33,No
37,No
37,No
30,No
26,No
34,No
53,No
57,No
51,No
NA,No
42,No
46,No
17,Yes
29,No
NA,No
35,No
45,No
25,No
36,Yes
27,No
27,No
28,No
41,No
45,No
40,No
29,No
20,No
24,No
38,No
45,No
16,Yes
31,No
41,No
30,No
36,No
36,No
27,Yes
28,No
31,No
100,Yes
53,No
45,No
26,No
30,No
45,Yes
29,No
40,No
32,No
47,No
34,No
42,No
45,No
27,No
45,No
29,No
38,No
34,No
32,No
37,No
25,No
33,No
25,No
35,No
26,No
49,No
38,No
32,No
25,No
55,No
31,No
39,No
39,No
36,No
26,No
48,No
21,Yes
28,No
35,No
34,No
21,No
42,No
49,No
45,No
27,No
NA,No
34,No
52,No
34,No
39,No
48,No
22,No
24,No
38,Yes
37,No
29,No
35,No
37,Yes
29,No
35,No
51,No
35,No
46,No
55,No
43,No
40,No
29,No
29,No
32,No
28,No
28,No
17,No
32,No
31,No
29,No
33,No
NA,No
39,No
50,No
43,No
37,No
30,No
48,No
34,Yes
25,No
36,No
25,No
39,No
39,No
52,No
45,No
21,No
29,No
34,No
24,No
41,No
31,No
47,No
28,Yes
59,No
39,Yes
31,No
44,No
45,No
32,No
37,No
35,No
39,No
38,No
32,No
32,No
NA,No
36,No
46,No
25,No
52,No
23,No
39,No
25,No
35,Yes
25,No
52,No
49,No
30,No
44,Yes
26,No
54,No
31,No
42,No
60,No
59,No
36,No
32,Yes
44,Yes
63,No
25,No
38,No
24,No
41,No
31,No
28,No
46,No
45,No
43,No
47,No
46,No
29,No
NA,No
35,No
41,No
30,Yes
37,Yes
17,No
32,No
38,No
35,No
37,No
20,No
27,No
47,No
38,No
65,No
40,No
35,No
29,No
63,No
54,No
31,No
23,No
23,No
34,No
29,No
35,No
34,No
34,Yes
21,No
36,No
30,No
123,No
46,No
36,No
41,No
24,No
NA,No
43,Yes
36,No
38,No
34,No
26,No
30,No
30,No
26,No
36,No
30,No
NA,No
27,No
17,Yes
33,No
52,No
NA,No
26,No
36,No
9,No
37,No
37,No
33,No
35,No
27,No
53,No
30,No
30,No
24,No
46,No
50,No
33,No
39,Yes
NA,No
40,No
29,No
28,No
40,No
44,No
NA,No
27,No
26,No
53,No
35,No
27,No
35,No
39,No
28,No
39,No
34,No
27,No
52,No
40,No
42,No
41,No
26,No
40,No
45,No
39,No
34,Yes
NA,No
34,No
47,Yes
41,No
38,No
37,No
37,No
40,No
48,No
388,No
38,No
45,No
39,No
31,No
57,No
NA,No
32,No
33,No
31,No
26,Yes
37,No
44,No
28,No
NA,Yes
24,No
35,No
44,No
52,No
27,No
45,No
55,No
48,No
38,Yes
51,No
27,No
38,No
37,No
42,No
30,No
30,No
35,Yes
45,No
48,Yes
38,No
38,No
35,Yes
33,No
61,No
21,No
47,No
20,No
43,No
28,No
57,No
48,Yes
NA,No
22,No
30,No
24,No
57,No
37,No
24,No
NA,No
32,Yes
50,No
11,Yes
25,No
37,No
NA,No
28,No
50,No
56,No
40,No
48,No
24,No
28,No
31,No
30,No
26,No
30,No
42,No
35,No
50,No
43,No
47,Yes
50,No
42,No
27,No
NA,Yes
26,No
38,No
57,No
48,No
39,No
38,No
40,No
31,No
43,No
47,No
40,No
9,Yes
51,No
31,No
35,No
32,No
40,No
26,No
28,No
24,No
27,No
46,No
29,No
46,No
34,No
47,No
46,No
32,No
30,Yes
26,No
27,No
32,No
14,No
36,No
24,No
34,No
66,No
12,Yes
54,No
62,No
42,No
27,Yes
36,No
23,No
33,No
NA,No
41,No
34,No
44,No
45,Yes
22,No
36,Yes
30,No
32,No
31,No
25,No
NA,No
62,No
18,No
35,Yes
28,No
21,No
18,No
50,No
30,No
45,No
40,No
NA,No
NA,No
41,No
29,No
44,No
41,No
50,No
20,Yes
25,No
40,No
23,No
26,No
49,No
33,No
36,Yes
21,No
32,No
49,No
53,No
12,Yes
45,No
29,No
33,No
32,No
37,No
46,No
45,No
59,No
46,No
28,No
22,No
30,No
33,No
32,No
25,No
37,No
30,No
69,No
41,No
44,No
61,No
22,No
37,No
41,No
22,No
56,No
30,No
30,No
24,No
31,No
48,No
26,No
12,Yes
48,No
36,No
32,No
30,Yes
35,No
44,Yes
28,No
38,No
36,No
37,No
30,No
32,No
25,No
24,No
25,No
33,No
30,No
61,No
20,No
67,No
43,No
66,No
NA,No
NA,No
19,No
NA,No
35,No
31,No
40,No
43,No
54,No
58,No
28,No
NA,No
31,No
NA,No
21,No
39,No
54,No
44,No
15,No
49,No
32,No
37,No
31,No
42,No
30,No
43,No
35,No
29,No
38,No
41,No
26,No
28,No
39,No
32,No
47,No
24,No
29,No
53,No
37,No
43,No
35,No
29,No
30,No
44,No
37,No
30,No
48,No
46,No
35,No
32,No
43,No
29,No
47,No
NA,No
32,No
56,No
29,No
NA,No
27,Yes
19,No
30,No
47,Yes
32,No
50,No
39,No
39,No
22,No
30,No
37,No
25,No
51,No
45,No
40,No
19,No
44,No
24,No
36,No
22,No
43,No
35,No
18,Yes
31,No
31,No
31,No
30,No
30,No
37,No
23,No
52,No
28,No
29,No
46,No
31,No
35,No
34,No
25,No
32,No
22,No
71,No
34,No
57,No
23,No
58,No
45,No
40,No
58,No
58,No
38,No
43,No
32,No
46,No
38,No
29,No
30,No
17,No
30,No
30,No
30,No
36,No
58,No
NA,Yes
41,No
38,No
53,No
31,No
35,No
24,No
35,No
37,Yes
45,No
24,No
33,No
21,No
39,No
34,No
29,No
52,No
47,No
21,No
57,No
28,No
20,No
42,No
28,No
38,No
27,No
NA,No
36,No
45,No
27,No
21,No
24,No
NA,No
31,No
29,No
27,No
32,No
62,No
27,No
120,No
34,No
38,No
43,No
24,No
28,No
40,Yes
21,No
32,No
54,No
NA,No
29,No
28,No
55,No
26,No
33,No
34,Yes
27,No
53,No
32,No
37,No
29,No
42,No
32,No
36,No
29,No
57,No
41,No
27,No
38,No
69,No
35,No
45,No
32,No
31,No
33,No
44,No
26,No
33,No
38,Yes
59,No
33,No
11,Yes
17,No
24,No
67,No
55,No
32,No
59,No
29,No
46,No
18,No
40,No
35,No
37,No
38,No
49,No
35,No
36,Yes
44,Yes
30,No
NA,Yes
18,No
35,No
46,No
41,No
32,No
18,No
46,No
Inf,Yes
49,Yes
32,Yes
29,Yes
35,No
35,No
29,No
33,No
28,No
NA,No
33,No
43,No
24,No
56,Yes
33,No
40,No
49,No
25,No
NA,No
62,No
25,No
33,Yes
14,No
34,No
55,No
44,No
41,No
31,No
34,No
34,No
67,No
29,No
27,No
22,No
27,No
NA,No
39,No
44,No
25,No
40,No
31,No
37,No
33,No
28,Yes
27,No
33,No
NA,Yes
40,No
40,No
44,No
33,No
69,No
27,No
NA,No
28,No
18,No
26,No
43,No
37,No
50,No
36,No
45,No
33,No
38,No
38,No
30,No
23,No
24,No
34,No
35,No
32,No
14,No
50,No
41,No
31,No
27,No
33,No
31,No
35,No
31,No
28,No
43,No
32,Yes
22,No
32,No
39,No
22,No
31,No
25,No
28,No
27,No
54,No
21,No
65,No
NA,No
35,No
44,No
25,No
31,No
18,No
0.62,No
30,No
34,No
NA,No
37,No
45,No
39,No
32,No
36,No
34,Yes
39,No
38,No
57,No
24,No
24,No
63,No
27,No
51,No
32,No
20,No
26,No
32,No
26,No
41,No
30,No
36,No
55,No
18,Yes
37,No
36,Yes
34,Yes
22,No
27,No
13,Yes
31,No
19,No
46,No
34,No
47,No
29,No
45,No
22,Yes
33,No
67,No
44,No
29,No
43,Yes
26,No
36,No
28,No
40,No
35,No
26,No
41,No
NA,No
54,No
25,No
29,No
41,Yes
21,No
108,No
52,No
35,No
35,No
42,No
42,No
350,No
51,No
33,No
26,No
50,Yes
19,Yes
33,No
41,Yes
41,No
38,No
61,No
26,No
35,No
34,Yes
50,No
25,No
22,No
25,No
99,Yes
34,No
40,No
41,No
41,No
36,No
25,No
35,No
54,No
50,No
34,No
29,No
NA,No
33,No
34,No
36,No
21,No
38,No
32,No
24,No
36,No
34,No
32,No
25,No
42,Yes
59,Yes
41,No
21,No
31,No
41,No
36,No
26,No
40,No
28,No
28,No
27,No
26,No
47,No
37,No
38,No
34,Yes
47,No
28,No
2000,No
39,No
25,No
27,No
32,No
31,No
NA,No
26,No
24,No
29,No
53,No
34,No
23,No
45,No
35,No
25,No
32,No
32,No
20,No
29,No
20,No
35,No
26,No
25,No
21,No
NA,No
53,No
34,No
60,Yes
37,No
41,No
33,No
37,No
NA,Yes
45,Yes
43,No
34,No
23,No
46,No
33,No
27,No
29,No
28,No
38,No
30,No
33,No
31,No
34,No
33,No
37,No
40,No
21,No
27,No
30,No
33,No
23,No
20,No
24,No
38,No
26,No
NA,No
NA,Yes
26,No
37,No
31,No
45,No
35,Yes
36,No
NA,No
42,No
36,No
22,No
28,No
25,No
37,No
32,No
66,No
43,No
23,No
59,No
32,No
60,No
NA,No
60,No
70,No
33,No
45,No
31,No
42,Yes
30,No
40,No
28,No
47,No
18,Yes
NA,No
31,No
26,No
NA,No
28,No
45,No
33,No
46,No
36,No
31,No
41,No
30,Yes
31,No
35,No
24,No
24,No
38,No
46,No
61,No
20,No
28,No
10,Yes
35,No
28,No
22,No
45,No
27,No
32,No
40,No
25,No
30,No
NA,Yes
47,No
35,No
25,No
25,No
25,No
25,No
32,No
21,No
30,Yes
26,No
38,No
50,No
33,No
34,No
25,No
31,No
50,Yes
19,No
29,No
32,No
59,No
32,No
50,No
30,No
58,No
26,No
29,No
33,No
26,No
38,No
43,No
30,No
33,No
46,No
30,No
39,No
34,No
28,No
32,No
70,No
34,No
50,No
31,No
34,No
34,No
27,No
30,No
21,No
27,No
35,No
19,No
30,No
40,No
28,No
52,No
30,No
45,No
71,No
34,No
40,Yes
30,No
33,Yes
30,No
31,No
40,No
30,No
37,No
51,No
33,No
22,No
35,No
40,No
49,No
59,No
35,No
36,Yes
27,No
36,No
39,Yes
36,Yes
17,Yes
NA,No
35,No
26,No
37,Yes
38,No
29,No
58,No
34,No
56,No
40,No
26,No
35,No
29,No
23,No
19,Yes
21,Yes
25,Yes
39,No
35,No
31,No
47,No
33,No
33,No
35,No
42,No
24,No
35,No
32,No
55,No
29,No
27,No
25,No
33,No
31,No
32,No
27,No
26,No
55,No
27,No
30,No
29,No
29,No
25,No
40,No
21,No
33,No
NA,Yes
NA,No
30,No
42,No
31,No
36,No
31,No
37,No
49,No
46,No
34,No
33,No
26,No
24,Yes
28,No
25,No
26,No
44,No
27,No
22,No
32,No
33,No
NA,No
30,No
37,No
31,No
33,No
52,No
35,No
27,No
23,Yes
27,No
24,No
27,No
32,No
32,No
45,No
NA,No
34,No
26,No
41,No
34,No
31,No
64,No
22,No
17,Yes
12,Yes
22,No
41,No
37,No
28,No
27,No
64,No
27,Yes
31,No
38,No
35,No
30,No
39,No
31,No
30,No
33,No
45,No
24,No
42,No
24,No
41,No
33,No
23,No
35,No
41,No
10,Yes
16,No
36,No
36,No
59,No
39,No
27,No
23,No
44,No
50,No
21,No
45,No
43,No
44,No
33,No
20,No
36,No
NA,No
32,No
62,No
46,No
29,No
19,No
42,No
27,No
34,No
30,No
62,No
44,No
33,No
23,No
40,No
47,No
40,No
34,No
46,No
39,No
57,No
42,No
36,No
33,No
40,No
52,No
52,No
53,No
32,No
37,Yes
34,No
41,No
27,No
28,No
15,Yes
50,No
33,No
40,No
33,No
46,No
27,No
37,No
29,No
38,No
34,Yes
46,No
42,Yes
24,No
23,No
44,No
29,No
37,No
45,No
41,Yes
56,No
26,Yes
27,No
34,No
34,No
60,No
28,No
26,No
39,No
24,Yes
27,No
27,No
35,No
NA,No
26,No
32,No
57,No
45,No
24,Yes
53,No
27,No
30,No
20,No
29,No
31,No
34,No
39,No
22,No
25,No
29,No
35,No
34,No
44,No
28,No
29,No
38,No
35,No
26,No
25,No
46,No
26,No
42,No
16,Yes
29,No
32,No
20,No
54,No
29,No
21,No
44,No
24,No
41,No
20,No
35,No
33,No
38,No
47,No
27,No
19,No
29,No
41,Yes
32,No
46,No
33,No
27,No
27,No
43,No
26,No
31,No
53,No
31,No
34,No
40,No
NA,No
44,No
NA,No
39,No
29,No
29,No
30,No
29,No
34,No
36,Yes
NA,No
51,No
25,No
36,Yes
39,No
52,No
66,No
32,No
22,No
44,No
30,No
37,No
27,No
43,No
29,No
32,No
52,No
29,No
59,No
45,No
36,No
23,No
33,No
36,No
37,No
32,No
36,No
30,No
46,No
41,No
32,No
26,No
36,No
31,No
39,No
32,Yes
33,No
14,Yes
NA,No
22,No
39,No
36,No
48,No
47,No
32,No
40,No
26,No
52,No
31,No
27,No
34,No
58,No
24,No
39,No
45,No
29,No
45,No
35,No
33,No
45,No
19,No
38,No
27,No
31,No
19,No
NA,No
27,No
29,No
56,No
22,No
41,No
41,No
30,No
20,No
38,No
29,No
30,No
44,No
44,No
35,Yes
28,Yes
21,Yes
39,No
44,No
34,No
35,No
NA,No
45,No
30,No
47,No
49,No
26,No
27,No
40,No
20,No
44,No
33,No
44,No
31,Yes
34,No
23,No
34,No
35,Yes
53,No
49,No
46,No
36,No
33,No
42,No
42,No
42,No
29,No
34,No
29,No
29,No
35,No
37,No
40,No
50,No
43,Yes
31,No
56,No
54,No
28,No
25,Yes
37,No
18,No
37,No
25,No
47,No
21,No
47,No
51,No
36,No
39,No
NA,No
46,No
NA,No
30,No
30,No
53,No
18,No
34,No
45,No
28,No
22,Yes
39,No
51,No
45,No
43,No
58,No
24,No
46,No
31,No
44,No
40,No
32,No
27,No
42,No
17,No
59,No
43,No
29,No
38,Yes
46,No
43,No
29,No
30,No
27,No
27,No
350,No
15,No
34,No
28,No
52,No
25,No
23,No
32,No
49,No
49,No
36,No
28,No
400,No
85,No
26,No
27,No
39,No
40,No
15,Yes
38,Yes
34,No
36,No
36,No
NA,No
20,No
47,No
41,No
38,No
33,No
32,No
20,No
30,No
42,No
51,No
33,No
50,No
65,No
37,No
42,No
31,No
43,No
28,No
37,No
25,No
41,No
48,No
42,No
37,No
55,No
36,No
39,No
35,No
51,No
36,No
22,Yes
28,No
33,No
NA,Yes
34,No
32,No
33,No
38,No
43,No
42,No
34,Yes
32,No
39,No
45,No
31,No
41,No
NA,No
27,Yes
46,No
42,No
24,No
37,No
42,Yes
37,No
21,No
60,No
31,No
27,No
34,No
38,No
39,Yes
43,No
30,No
33,No
30,No
18,No
43,No
39,No
36,No
13,Yes
20,No
32,No
42,No
45,No
55,No
NA,No
12,Yes
34,No
31,No
30,No
NA,No
29,No
40,No
36,No
43,No
26,No
30,No
31,No
48,No
50,No
27,No
18,Yes
45,No
32,Yes
33,No
44,No
26,No
34,No
41,No
38,Yes
42,No
36,No
41,No
55,No
31,Yes
39,No
35,No
31,No
22,No
35,No
45,No
32,No
30,No
67,No
35,No
32,No
36,No
37,No
16,No
43,No
31,No
35,No
22,No
28,No
NA,No
39,No
33,No
26,No
30,No
45,No
37,No
30,No
42,No
49,No
38,No
47,Yes
NA,No
31,No
38,No
29,No
35,No
50,No
40,No
26,No
38,No
32,No
34,No
30,No
30,No
49,No
28,No
56,No
40,No
36,No
28,No
48,No
33,No
25,No
27,No
26,No
16,No
17,No
33,No
39,No
42,No
36,No
49,No
51,No
31,No
30,No
33,No
23,Yes
21,No
31,No
40,No
31,No
29,No
28,No
29,No
45,No
52,No
46,No
43,No
42,No
24,No
45,No
34,No
26,No
39,No
52,No
27,Yes
52,No
33,No
24,No
37,No
37,No
28,No
35,No
35,No
34,No
36,No
28,No
43,No
43,No
33,No
31,No
36,Yes
62,No
NA,No
31,No
45,No
28,No
21,No
51,No
45,No
26,No
38,No
29,No
27,No
52,No
33,No
31,No
32,No
30,No
45,No
36,No
37,Yes
31,No
28,No
32,No
51,No
38,No
27,No
22,No
40,No
25,No
45,No
23,No
30,No
25,No
29,No
46,No
24,No
55,No
46,No
35,No
31,No
38,No
29,No
56,No
37,No
40,Yes
31,No
24,No
46,Yes
45,No
26,Yes
31,No
40,No
58,No
30,No
25,No
37,No
32,No
16,No
44,No
31,No
34,No
27,No
39,No
44,No
34,No
38,Yes
45,No
25,No
32,No
33,No
38,No
31,No
32,No
42,No
45,No
33,No
20,No
24,Yes
34,No
40,No
31,No
36,No
33,No
NA,No
45,No
34,No
29,No
56,No
54,No
30,No
21,No
24,Yes
55,No
17,No
48,No
33,No
39,No
46,No
27,No
36,No
NA,No
50,No
31,No
36,No
28,No
39,No
25,No
32,No
29,No
34,No
25,No
40,No
21,No
53,No
38,Yes
49,No
30,No
38,No
40,No
41,No
28,No
35,No
31,No
28,No
25,No
52,Yes
53,No
30,No
24,No
28,No
30,No
32,No
47,No
28,No
27,No
35,No
42,No
45,No
16,No
34,No
48,No
31,No
38,Yes
35,No
40,No
55,No
34,No
58,No
32,No
30,No
33,Yes
30,No
24,No
29,No
27,No
34,No
25,No
29,No
30,No
37,No
29,No
28,No
25,No
32,No
37,No
35,No
29,No
38,No
33,No
42,No
40,No
45,No
NA,No
27,No
23,No
25,No
38,No
35,No
36,No
36,No
32,No
NA,Yes
21,Yes
28,No
24,No
37,No
29,No
44,Yes
33,No
45,No
13,Yes
43,No
42,No
35,No
45,No
44,No
29,No
26,No
NA,No
34,No
27,No
27,No
32,No
19,No
27,No
43,Yes
31,No
65,No
31,No
37,No
33,No
58,No
30,No
33,No
35,No
27,No
30,Yes
28,No
36,No
35,No
20,No
34,No
26,No
35,No
49,No
28,No
28,No
24,No
34,No
43,No
34,No
31,No
NA,Yes
28,No
35,No
32,No
38,No
43,No
52,No
29,No
28,No
66,No
31,No
31,No
32,No
37,No
40,No
50,No
26,No
32,No
21,No
36,No
27,No
32,No
28,No
54,No
31,No
NA,No
28,No
43,No
29,Yes
32,No
37,No
53,No
26,No
40,Yes
27,No
26,No
30,No
29,No
45,No
37,No
30,No
27,No
43,No
44,No
32,No
NA,No
38,No
50,No
34,No
32,No
38,No
35,No
25,No
34,No
56,No
27,No
24,Yes
40,No
39,No
33,No
27,No
31,No
31,No
45,No
18,Yes
41,No
40,No
32,No
27,No
29,No
45,No
40,No
22,No
34,No
28,No
29,No
35,No
25,No
38,No
39,Yes
44,No
57,No
28,No
26,No
26,No
35,No
NA,No
21,No
53,No
40,No
34,No
38,No
40,No
28,No
26,No
43,No
28,No
26,No
28,No
23,No
29,No
29,No
38,No
61,No
40,No
21,No
26,No
30,No
28,No
30,No
35,No
35,No
35,No
28,No
41,No
27,No
28,No
35,No
28,No
51,No
35,No
34,No
NA,Yes
30,No
43,No
41,No
NA,No
31,No
26,No
41,No
37,No
50,No
33,No
51,No
28,Yes
41,No
28,No
48,No
36,No
31,No
36,No
61,No
46,No
28,No
26,No
40,No
34,Yes
65,No
21,No
43,No
36,No
37,No
37,No
24,No
NA,No
31,No
36,No
31,No
27,No
27,No
45,No
37,No
44,No
30,No
38,Yes
32,Yes
29,No
35,Yes
36,No
51,No
35,No
41,Yes
58,No
40,No
43,No
32,No
25,No
35,Yes
30,No
33,No
32,No
32,No
46,No
23,No
38,No
33,No
24,No
48,Yes
46,No
8,Yes
44,No
45,No
29,No
47,No
30,No
20,No
21,Yes
42,No
30,No
20,Yes
29,No
21,No
31,No
33,No
43,No
47,No
22,No
31,No
47,No
NA,No
32,No
54,No
38,No
57,No
32,No
34,No
27,No
38,No
35,No
36,No
33,No
33,No
53,No
36,Yes
24,No
36,No
37,No
27,No
49,No
NA,No
33,No
31,No
35,No
32,No
44,No
13,Yes
36,No
32,No
30,No
34,No
51,No
48,No
60,Yes
42,No
36,No
42,Yes
22,No
33,No
NA,No
46,No
33,No
27,No
30,No
30,Yes
35,No
38,No
26,No
31,Yes
NA,No
25,No
31,No
39,Yes
31,No
37,No
51,No
45,No
25,No
35,No
48,No
37,No
34,No
26,No
29,No
33,No
34,No
NA,No
63,No
31,No
59,No
39,No
31,No
37,No
46,No
30,No
34,No
29,No
50,No
41,No
50,No
26,No
22,No
32,No
47,No
23,No
40,No
30,No
NA,No
37,No
27,Yes
25,No
24,No
35,No
35,No
29,No
35,No
32,No
32,No
28,No
39,No
23,Yes
40,No
34,No
45,No
28,No
34,Yes
37,No
35,Yes
31,No
45,No
27,No
45,No
40,No
26,No
34,No
59,No
25,No
32,No
34,No
28,No
35,No
30,No
41,No
28,No
29,No
58,No
28,No
23,No
NA,No
21,No
32,No
33,No
30,No
30,No
36,No
33,No
34,No
30,No
42,No
25,No
33,Yes
32,No
49,No
39,No
44,No
35,No
17,Yes
30,No
36,No
35,No
42,No
42,No
29,No
22,No
27,No
29,No
42,No
38,No
46,No
28,No
28,No
50,No
26,No
41,No
35,No
34,No
52,No
36,No
44,No
45,No
25,No
NA,No
27,No
32,No
45,Yes
12,Yes
28,No
22,No
35,Yes
NA,No
23,No
28,No
NA,No
35,No
34,No
33,No
46,No
49,No
31,No
55,No
27,No
16,No
33,No
22,No
30,No
30,No
29,No
40,No
49,No
35,No
39,No
23,No
NA,No
30,Yes
33,No
32,No
46,No
32,No
26,No
31,No
47,No
20,No
58,No
NA,No
24,No
35,No
31,No
32,No
30,No
51,No
29,No
29,No
36,No
26,No
34,No
28,No
34,No
28,No
29,No
33,No
34,No
49,Yes
19,No
52,No
40,No
29,No
19,No
39,No
26,No
45,No
42,No
56,No
9,Yes
23,No
33,No
45,No
26,No
41,No
42,Yes
34,No
37,No
23,No
24,No
35,Yes
33,No
35,No
50,No
42,No
57,Yes
35,No
24,No
26,No
33,No
40,No
25,No
NA,No
42,No
NA,No
26,No
55,No
97,No
NA,Yes
67,No
NA,No
44,No
47,No
34,No
62,No
67,No
26,No
32,No
22,No
32,No
60,No
29,No
46,No
39,No
33,No
30,Yes
44,No
38,No
33,No
35,No
28,No
32,No
41,No
38,No
30,No
29,No
36,Yes
30,No
62,No
36,No
33,No
29,No
54,No
67,No
21,No
57,No
NA,No
28,No
36,No
32,No
27,No
26,No
38,No
32,No
42,No
46,No
38,No
34,No
31,No
30,No
27,No
38,Yes
39,No
65,No
30,No
33,No
37,No
31,No
33,No
26,Yes
38,No
14,No
39,No
29,No
25,No
35,No
27,Yes
72,No
19,No
32,No
31,No
NA,No
47,No
43,No
39,No
27,No
41,No
35,No
47,No
29,No
33,No
31,No
23,Yes
31,No
52,No
24,No
28,No
37,No
68,No
35,No
28,No
24,No
36,No
26,No
30,No
NA,No
50,No
32,No
17,Yes
38,No
NA,No
15,No
30,No
37,No
27,No
490,No
30,No
31,Yes
35,Yes
40,No
34,No
35,No
31,No
26,No
27,Yes
48,No
45,No
13,Yes
33,No
35,No
34,Yes
35,No
37,No
37,No
24,No
26,No
43,No
34,No
34,No
63,No
55,No
46,No
29,No
49,No
47,No
30,No
30,No
34,No
35,Yes
25,No
29,No
48,No
62,No
NA,No
35,No
32,No
31,No
NA,No
32,No
48,No
35,No
29,No
53,No
44,No
NA,Yes
34,No
42,No
51,No
19,No
58,No
47,No
25,Yes
NA,No
NA,No
13,Yes
24,No
30,No
31,No
65,No
13,Yes
28,No
30,No
13,Yes
36,No
30,No
31,No
51,No
24,No
NA,No
24,No
26,No
32,No
24,No
NA,No
21,No
31,No
NA,No
35,Yes
48,No
28,No
26,No
NA,No
41,No
17,No
18,No
25,No
50,No
26,No
37,No
27,No
47,No
31,No
31,No
35,No
32,No
8,Yes
7,Yes
45,Yes
19,No
42,No
33,No
13,Yes
28,No
20,Yes
31,No
25,No
37,No
44,No
32,No
32,No
31,No
27,No
30,No
50,No
35,No
31,No
30,No
46,Yes
38,No
36,No
26,No
54,No
32,No
32,No
42,No
31,No
26,No
29,No
35,No
28,No
28,No
14,Yes
60,No
53,No
42,No
62,No
47,No
36,No
39,Yes
NA,No
53,No
51,No
42,No
34,No
60,No
52,No
46,No
53,No
42,No
9,Yes
45,No
44,No
25,No
59,No
50,No
57,No
60,No
38,No
45,No
61,No
64,No
33,No
0,No
52,No
58,No
50,No
57,No
37,No
64,No
NA,No
38,No
36,No
48,No
27,No
57,No
48,No
52,No
15,No
23,No
39,No
NA,No
25,No
26,No
54,No
23,No
36,No
NA,No
43,No
44,No
57,No
46,No
NA,Yes
25,No
51,No
38,No
46,No
43,No
29,No
30,No
30,Yes
59,No
33,No
18,No
31,No
29,No
18,No
69,No
37,No
25,No
45,No
18,No
35,No
45,No
42,No
60,No
29,No
30,No
52,No
52,No
50,No
34,No
44,No
66,No
49,No
27,No
39,No
44,No
26,No
46,No
45,No
31,No
42,No
38,No
54,No
58,No
31,No
17,Yes
49,No
23,No
28,No
29,No
57,No
31,No
37,No
44,Yes
28,No
36,No
22,Yes
38,No
35,No
31,No
36,No
27,No
49,No
60,No
45,No
NA,No
28,No
24,No
29,No
43,No
45,No
57,No
55,No
64,No
64,No
35,No
32,No
62,No
72,No
25,No
31,No
67,No
35,No
31,No
31,No
25,No
25,No
31,No
36,No
50,Yes
31,No
35,No
31,No
24,No
57,No
46,Yes
33,No
33,No
23,No
51,No
32,Yes
31,No
28,Yes
39,No
34,No
58,No
22,No
66,No
68,No
27,No
22,No
56,No
55,No
31,No
26,Yes
52,No
33,No
NA,No
39,Yes
52,No
NA,Yes
51,No
30,No
45,No
30,No
24,No
25,No
44,No
NA,No
33,No
40,No
53,No
68,No
45,No
39,No
30,No
38,No
41,No
32,No
61,No
36,No
NA,No
30,No
58,No
28,No
52,No
24,No
38,No
36,No
32,No
34,No
69,No
41,No
30,No
38,No
49,No
53,No
NA,No
39,No
55,No
36,No
38,No
30,No
50,No
50,No
NA,No
40,No
50,No
43,No
35,Yes
38,No
44,No
22,No
45,No
48,No
57,No
42,Yes
41,No
47,Yes
28,No
44,Yes
41,No
34,No
46,No
41,No
45,Yes
40,No
31,No
33,No
35,No
49,Yes
44,No
45,No
34,No
48,No
16,No
60,No
30,No
51,No
31,No
51,No
33,No
40,No
38,Yes
35,No
54,No
33,No
33,No
43,No
50,No
48,No
33,No
34,Yes
33,No
37,No
35,No
33,No
48,No
35,No
34,No
40,No
55,No
54,No
58,No
43,No
32,No
32,Yes
47,Yes
42,No
NA,No
49,No
32,No
35,No
37,No
41,Yes
51,No
64,No
38,No
38,No
33,Yes
61,No
35,No
33,No
65,No
48,No
46,No
43,Yes
33,No
48,No
33,No
35,No
55,No
30,No
26,No
46,No
55,No
36,No
64,No
45,No
41,Yes
54,No
78,Yes
39,Yes
34,No
52,No
41,Yes
29,No
63,No
49,No
50,No
43,No
NA,Yes
NA,No
58,No
NA,No
48,No
NA,No
46,No
55,No
44,No
31,No
44,No
47,No
40,No
45,Yes
41,No
32,No
43,No
NA,No
10,Yes
58,No
31,No
29,No
36,No
62,No
NA,No
51,No
60,No
33,No
47,Yes
35,No
35,No
64,No
30,No
28,No
55,No
30,No
42,Yes
45,No
42,No
23,No
40,No
36,No
20,No
47,No
28,No
28,No
44,Yes
49,No
62,No
36,No
46,No
55,No
32,No
24,No
52,No
31,No
32,No
44,No
17,No
27,No
38,Yes
36,No
30,No
46,No
40,Yes
42,Yes
48,Yes
58,No
52,No
37,No
40,No
33,No
49,No
43,No
42,No
17,No
53,No
43,No
30,No
47,No
18,Yes
13,Yes
32,No
35,No
53,Yes
33,No
32,No
32,No
40,No
43,Yes
40,No
38,No
34,No
38,No
40,No
45,Yes
17,Yes
35,No
42,No
35,No
40,No
42,No
31,No
44,No
31,Yes
27,No
52,Yes
43,Yes
33,No
42,No
55,No
43,Yes
20,Yes
56,No
26,No
56,No
16,No
39,No
45,No
42,No
47,No
58,No
37,No
31,No
47,No
38,No
35,No
44,Yes
50,No
53,No
41,No
37,Yes
35,No
34,No
39,Yes
33,No
43,Yes
16,Yes
35,No
31,No
28,No
29,Yes
31,No
26,No
42,No
46,No
57,No
35,No
50,No
39,No
42,No
38,No
42,No
17,No
38,No
28,No
39,No
33,No
46,No
37,No
45,No
66,No
35,No
47,No
58,No
35,No
NA,No
32,No
34,No
41,No
29,No
29,No
35,No
49,No
33,No
31,No
39,No
26,No
50,No
44,Yes
39,No
44,No
46,No
25,No
36,Yes
39,No
42,No
54,No
58,No
39,No
28,No
46,No
59,No
46,No
74,No
55,No
19,No
55,No
53,No
45,No
50,No
64,No
37,No
NA,No
58,No
46,No
36,Yes
34,No
41,No
37,No
43,Yes
NA,No
52,No
38,Yes
26,No
52,No
NA,Yes
37,No
22,No
59,No
41,No
24,No
35,No
48,Yes
48,No
37,No
40,No
56,No
46,No
38,No
33,No
40,No
45,No
27,No
51,No
48,No
46,No
18,No
40,No
37,No
45,No
60,No
46,No
51,No
37,No
41,No
53,No
13,Yes
41,Yes
60,No
43,Yes
63,No
NA,No
44,No
39,No
56,No
NA,No
40,No
23,No
42,No
44,No
30,No
34,No
49,No
NA,No
31,No
36,No
66,No
60,No
41,No
29,No
45,No
50,No
58,No
49,No
NA,No
40,No
47,No
46,No
36,No
56,No
39,No
36,No
54,No
42,No
38,No
50,No
44,No
49,No
45,No
51,No
49,No
55,No
28,No
37,Yes
45,No
54,No
34,No
55,No
56,No
30,No
36,No
29,No
33,No
45,No
51,No
45,No
27,Yes
41,No
33,No
47,No
46,No
57,No
17,No
49,No
49,No
NA,No
25,No
45,No
42,Yes
58,No
19,No
38,No
31,Yes
NA,No
39,No
32,No
36,No
14,Yes
31,No
28,No
79,No
42,No
50,No
32,No
40,No
52,No
20,No
37,No
33,No
32,No
48,Yes
45,No
47,No
43,No
NA,Yes
39,No
39,No
37,No
41,No
50,Yes
49,No
33,No
54,No
38,No
61,No
43,No
55,No
35,No
NA,No
47,No
32,No
50,Yes
40,No
33,No
35,No
37,No
43,No
26,No
32,No
25,No
46,Yes
30,No
55,No
32,No
54,No
53,No
57,No
28,No
NA,No
37,Yes
40,No
50,Yes
42,No
51,No
62,No
58,No
57,No
37,No
47,No
32,No
18,No
39,No
29,No
54,No
31,No
NA,No
49,No
48,No
60,No
38,No
42,No
34,No
55,No
70,No
31,No
35,No
46,No
26,No
38,No
34,No
46,No
42,Yes
NA,No
28,No
38,No
60,No
NA,No
47,No
48,No
40,No
35,No
47,No
NA,No
39,No
NA,No
45,No
32,No
48,No
58,No
40,No
48,No
35,No
36,No
40,No
33,No
59,No
47,No
45,No
44,Yes
28,No
46,No
50,No
43,No
34,No
36,No
68,No
47,No
29,No
56,No
25,No
35,No
27,No
32,No
28,No
26,No
43,Yes
38,No
47,No
36,No
NA,No
45,No
45,No
37,No
26,No
36,No
33,No
42,Yes
47,Yes
35,No
34,No
28,No
46,No
48,No
32,No
54,No
50,No
25,No
40,Yes
NA,No
44,No
50,No
46,No
55,No
55,No
61,No
46,No
81,No
33,No
50,No
33,No
57,No
28,No
31,No
27,No
48,No
48,No
45,No
39,No
42,No
35,Yes
NA,No
NA,Yes
45,No
48,No
38,No
54,No
41,No
37,No
32,No
60,No
39,No
31,No
1e18,Yes
33,No
64,No
46,No
32,No
22,No
NA,No
39,No
42,No
NA,No
NA,No
45,No
43,Yes
29,No
34,No
35,No
35,No
18,No
23,No
NA,No
41,No
19,No
35,No
33,No
NA,No
42,No
48,No
38,No
32,No
NA,No
51,Yes
53,No
52,No
40,Yes
NA,No
44,No
36,No
54,No
40,No
66,No
45,Yes
33,No
34,No
62,Yes
52,No
40,Yes
27,No
49,No
28,No
10,No
16,No
NA,No
34,No
52,No
54,No
58,No
29,No
46,No
38,No
17,Yes
34,No
38,No
26,No
12,No
35,No
26,No
31,No
55,No
55,No
49,No
35,No
30,No
57,No
39,No
54,No
58,No
31,No
46,No
54,No
NA,No
46,No
28,No
59,No
50,No
37,Yes
55,No
67,No
30,No
34,No
42,No
49,No
NA,No
48,No
24,Yes
NA,No
34,Yes
39,Yes
39,No
29,No
57,No
37,No
53,No
26,No
23.2,No
31,No
34,No
36,No
56,Yes
32,No
32,No
33,No
37,No
28,No
25,No
11,Yes
16,Yes
44,Yes
33,No
46,Yes
29,No
44,No
47,No
36,Yes
70,No
40,No
36,No
49,No
31,No
45,Yes
37,No
38,No
42,No
36,No
56,No
40,No
52,No
42,No
NA,No
44,No
45,No
44,No
47,No
28,No
50,No
41,No
44,No
52,No
53,No
38,No
19,No
38,No
47,No
43,No
26,No
53,No
17,Yes
32,No
46,No
35,No
26,No
38,No
42,No
53,No
53,No
47,No
42,No
44,No
24,No
39,No
32,No
57,No
46,No
23,No
48,No
46,No
64,No
57,No
34,No
38,No
36,No
35,No
34,No
38,Yes
54,No
62,No
37,Yes
32,No
36,Yes
NA,No
49,No
38,No
28,No
31,No
26,No
42,No
29,No
24,No
29,No
47,No
43,Yes
46,No
32,No
28,No
25,No
45,No
35,No
46,No
55,No
27,No
28,No
26,No
46,No
40,No
42,No
26,No
35,No
NA,Yes
36,No
30,No
52,No
42,No
24,No
36,No
56,No
30,No
35,Yes
45,No
46,No
47,No
41,No
NA,No
30,No
39,No
26,No
29,No
35,No
33,No
58,No
40,No
21,No
29,No
40,No
47,No
30,No
42,Yes
24,No
30,No
34,No
35,No
71,No
43,No
31,No
38,Yes
49,No
32,No
39,No
NA,No
20,No
33,No
59,No
47,No
58,No
45,No
30,No
53,No
46,No
31,No
42,No
47,No
23,No
50,No
30,No
30,No
30,No
30,No
30,No
30,No
30,No
30,No
30,No
41,No
29,No
61,No
37,No
47,No
29,No
29,No
21,Yes
24,No
58,No
42,No
25,No
39,Yes
35,No
25,No
43,No
47,Yes
32,No
41,No
63,No
37,No
38,No
38,Yes
58,No
43,No
40,No
42,No
22,No
56,No
50,No
38,No
38,No
36,Yes
50,No
51,No
46,No
47,No
45,No
28,No
43,No
41,No
NA,Yes
56,No
32,No
41,No
40,No
20,Yes
38,No
45,No
29,No
52,Yes
37,No
NA,No
58,No
51,No
34,No
26,No
35,No
67,No
18,No
47,No
43,No
44,No
82,No
34,No
38,Yes
34,No
34,No
42,No
NA,No
NA,Yes
33,No
38,No
42,No
39,No
38,Yes
44,No
44,No
43,Yes
31,No
25,No
58,No
41,No
48,No
34,No
42,No
30,No
36,No
34,No
48,No
55,No
52,No
35,No
48,No
36,No
NA,No
40,No
31,No
59,No
42,No
40,No
50,No
57,No
35,No
36,Yes
50,No
28,No
59,No
34,No
34,No
29,No
36,No
26,No
NA,No
47,No
43,No
NA,No
30,No
33,No
26,No
45,No
27,No
38,No
36,No
59,No
28,No
37,No
28,No
60,No
34,No
42,No
49,No
33,Yes
46,No
31,No
26,No
38,No
55,No
47,No
NA,No
NA,No
43,No
41,No
34,No
33,No
50,No
43,No
49,No
29,No
33,No
40,No
40,Yes
33,No
31,No
32,No
34,No
43,No
25,No
56,No
45,No
33,No
32,No
45,Yes
47,No
35,Yes
67,Yes
25,No
44,No
45,No
52,No
29,No
27,No
47,Yes
59,No
43,No
52,No
54,No
63,No
48,No
NA,No
50,No
36,No
52,No
33,Yes
37,No
55,No
45,No
37,No
NA,No
33,No
50,Yes
38,Yes
47,No
57,No
38,No
30,No
37,No
51,No
26,No
29,No
29,No
48,No
45,No
55,No
43,No
33,No
56,No
40,No
NA,No
42,No
43,No
43,No
51,No
42,No
44,No
63,No
35,No
30,No
28,No
61,No
NA,No
50,No
27,No
28,No
30,No
34,No
45,No
38,No
36,No
67,No
27,No
61,No
45,Yes
15,Yes
41,Yes
34,No
55,No
60,Yes
34,No
49,No
42,No
28,No
59,No
35,No
39,No
NA,No
39,No
29,No
53,No
44,No
40,No
52,No
37,No
34,Yes
54,No
34,No
45,No
28,No
43,No
39,No
48,No
60,No
55,No
53,No
NA,No
43,No
37,No
33,No
45,No
48,No
23,No
56,No
51,No
40,No
53,No
NA,No
27,No
59,Yes
46,No
38,No
49,No
48,Yes
56,No
32,No
50,No
47,No
68,No
48,No
59,No
41,No
51,No
44,No
29,No
47,No
32,No
41,No
45,No
NA,No
46,No
26,No
NA,No
142,No
7,Yes
30,No
36,No
NA,No
41,No
38,No
35,Yes
43,No
42,No
46,No
32,No
48,No
34,No
50,No
63,Yes
32,No
30,No
27,No
38,No
35,No
30,No
27,No
34,No
33,No
30,No
45,Yes
44,No
38,No
46,No
29,No
34,No
39,No
NA,No
24,No
38,No
31,No
51,No
33,No
25,No
29,No
26,No
44,No
24,No
31,No
71,No
32,No
27,No
26,No
46,No
45,Yes
45,No
NA,No
31,No
31,No
27,No
47,Yes
35,No
34,No
56,Yes
54,No
52,No
33,No
NA,No
48,No
44,Yes
NA,NA
44,No
49,NA
40,No
23,No
NA,No
53,No
33,No
40,No
53,No
43,Yes
56,No
64,No
43,Yes
37,No
64,No
59,No
48,No
54,No
36,No
45,No
33,Yes
37,Yes
49,No
48,No
25,No
34,No
35,No
38,Yes
58,No
48,No
35,No
50,Yes
33,No
47,No
16,No
NA,NA
52,No
33,No
63,No
34,No
48,No
52,No
52,No
65,NA
45,No
41,No
27,No
47,No
47,No
44,No
49,No
31,NA
59,No
50,No
34,Yes
34,No
61,No
44,No
46,No
54,No
56,No
43,No
41,NA
46,No
50,No
42,No
62,No
37,No
45,NA
53,No
62,No
40,No
40,Yes
29,No
33,NA
34,No
42,No
48,No
39,No
36,No
38,No
32,No
48,No
33,NA
38,No
37,No
44,No
31,No
48,No
37,No
28,No
45,No
42,No
69,No
50,No
64,No
42,No
35,No
44,No
NA,NA
44,Yes
42,No
43,No
37,No
47,No
50,Yes
67,No
33,No
39,No
30,NA
25,Yes
29,No
53,No
NA,No
22,No
50,No
44,No
46,No
26,No
53,Yes
NA,No
41,No
62,No
48,No
49,No
37,Yes
63,Yes
54,No
51,No
42,NA
70,No
33,No
67,No
65,NA
46,No
48,No
51,No
53,No
42,Yes
44,No
37,No
43,No
53,No
64,No
47,Yes
45,No
38,No
37,No
NA,Yes
33,No
43,No
36,No
34,No
50,No
50,No
48,No
51,No
43,No
54,No
38,Yes
38,No
43,No
49,No
53,No
45,No
37,No
35,No
28,No
41,No
33,No
24,No
50,No
61,No
38,No
43,No
36,No
36,No
39,No
33,No
37,No
27,No
35,No
18,Yes
49,No
45,No
34,Yes
NA,NA
38,Yes
NA,No
37,No
40,No
46,No
36,No
49,No
47,No
25,No
41,No
40,No
37,No
19,Yes
39,No
47,NA
NA,No
31,No
48,Yes
57,No
53,No
60,No
66,No
45,Yes
27,No
56,No
34,Yes
31,No
70,No
24,No
12,Yes
39,No
32,No
52,No
29,No
38,No
32,No
42,No
54,No
38,Yes
53,Yes
30,No
34,No
40,NA
54,No
39,No
40,No
32,No
33,Yes
28,NA
30,No
62,No
31,No
36,No
49,No
38,No
44,NA
44,No
52,No
51,No
NA,No
52,No
37,No
57,No
65,No
44,No
60,No
42,No
39,No
57,No
36,No
48,No
42,No
50,No
40,No
43,No
60,No
55,No
40,No
34,No
56,No
65,Yes
40,No
56,No
59,No
42,No
57,No
31,No
12,Yes
38,No
32,No
45,No
39,Yes
31,No
40,No
48,No
50,No
28,No
51,No
49,No
48,No
43,No
64,No
56,No
35,No
52,No
72,No
29,No
32,No
37,No
42,No
38,No
36,No
22,No
40,No
50,Yes
44,No
70,Yes
45,Yes
52,No
51,No
47,No
41,No
38,No
38,No
52,No
43,No
35,No
30,No
34,No
56,Yes
33,No
34,No
60,No
37,No
60,No
41,No
27,No
NA,No
39,No
42,No
40,No
60,No
38,No
64,No
59,No
50,NA
35,No
44,No
49,No
21,No
58,No
34,No
21,Yes
38,No
39,No
11,Yes
31,No
57,No
36,No
NA,No
57,No
25,No
NA,No
27,No
NA,No
38,No
49,No
34,NA
42,No
44,No
44,No
34,No
35,No
47,No
40,No
49,Yes
52,No
34,No
50,No
40,No
51,Yes
33,Yes
50,NA
51,No
69,NA
38,NA
44,No
69,No
47,No
23,No
44,No
9,Yes
41,No
32,Yes
39,No
25,No
47,No
68,No
41,No
54,No
11,Yes
37,No
43,NA
49,No
20,No
20,No
21,No
20,No
54,No
35,No
24,No
27,No
34,No
21,No
48,Yes
37,No
46,No
NA,No
53,Yes
52,No
39,No
20,No
72,No
37,No
44,No
39,No
6,Yes
10,Yes
60,No
43,No
38,Yes
30,No
51,Yes
39,No
45,No
55,No
34,NA
35,No
38,Yes
47,No
63,No
45,No
50,No
35,No
66,No
10,Yes
59,No
39,No
58,No
41,No
68,Yes
28,Yes
38,No
37,No
34,No
45,No
36,Yes
71,No
12,No
37,Yes
33,Yes
31,No
32,No
90,No
33,Yes
24,No
71,Yes
52,No
60,No
58,No
46,No
34,No
42,No
NA,No
48,No
27,NA
43,Yes
45,Yes
NA,No
31,No
60,No
54,No
53,No
32,No
24,No
31,No
39,No
13,Yes
51,No
60,No
40,No
41,No
41,NA
33,No
48,No
20,No
32,No
33,No
46,No
37,No
26,No
49,Yes
40,No
40,Yes
NA,No
34,No
36,No
41,Yes
39,No
39,Yes
40,No
42,Yes
50,No
52,No
60,No
45,No
70,NA
35,No
312,No
58,No
42,Yes
54,No
63,No
59,Yes
68,No
28,No
52,No
49,No
34,No
48,No
39,No
56,No
33,No
50,No
41,No
62,No
44,No
34,No
35,Yes
NA,No
35,Yes
48,No
52,No
38,No
65,NA
50,No
46,No
40,No
44,No
50,Yes
48,No
61,No
30,No
34,No
34,No
72,No
34,No
48,No
NA,NA
56,No
45,No
56,No
61,No
30,No
38,No
29,No
28,No
62,No
54,No
72,No
30,No
47,No
40,No
39,No
NA,No
58,No
NA,Yes
45,Yes
NA,No
57,No
33,No
32,No
31,No
39,No
25,No
33,No
50,No
99,No
33,No
44,No
42,No
50,No
46,No
48,No
53,No
35,No
43,No
48,No
30,No
44,Yes
36,No
45,No
43,No
47,No
29,No
36,No
63,No
50,No
51,No
32,No
44,NA
55,No
66,No
NA,No
39,No
36,NA
39,No
52,No
22,No
48,No
41,No
26,Yes
31,No
62,No
12,NA
66,No
63,Yes
60,Yes
36,No
55,No
32,No
51,No
56,No
38,No
30,No
44,No
38,No
45,No
39,No
7,Yes
66,No
31,No
27,No
60,No
34,No
69,No
52,No
62,No
55,No
47,No
NA,Yes
35,Yes
50,No
42,No
57,No
47,No
NA,NA
71,Yes
44,Yes
43,No
57,No
35,No
30,No
28,NA
47,No
41,No
49,No
41,No
NA,No
44,No
48,Yes
32,No
39,Yes
37,No
40,No
40,No
37,No
27,No
37,No
48,No
42,Yes
55,No
42,No
33,No
33,Yes
50,No
52,No
55,No
35,Yes
38,No
22,No
43,No
50,No
53,No
50,No
56,No
33,No
42,No
25,No
58,No
33,No
47,No
37,No
31,No
58,No
NA,NA
43,No
50,No
52,No
NA,No
62,No
39,No
13,Yes
45,No
51,No
52,No
NA,NA
9,Yes
50,No
28,No
NA,Yes
59,No
12,Yes
67,No
51,No
37,Yes
57,No
NA,No
50,No
33,Yes
35,No
46,No
33,Yes
30,No
61,Yes
34,No
30,No
46,No
31,No
27,No
88,No
27,No
54,NA
46,No
34,No
39,No
NA,NA
NA,Yes
45,No
39,No
NA,No
50,No
22,No
37,No
31,No
57,Yes
59,No
37,No
58,No
51,No
41,No
56,No
55,No
25,No
21,No
28,No
44,No
41,No
52,No
62,No
53,No
NA,No
NA,No
40,Yes
40,No
41,Yes
35,No
71,No
60,No
NA,No
52,No
39.4,No
50,No
32,No
60,No
50,No
53,No
37,No
35,No
44,No
32,Yes
45,No
30,Yes
74,No
46,No
NA,No
46,No
NA,No
36,Yes
22,No
19,No
50,No
60,No
30,Yes
18,No
45,No
18,No
29,No
53,Yes
56,No
51,No
35,Yes
64,No
46,No
47,No
30,No
43,No
38,NA
53,No
36,No
42,No
53,No
56,No
52,No
56,No
49,No
35,No
44,No
28,Yes
61,No
65,No
31,No
31,No
32,No
38,No
31,NA
58,No
28,No
43,No
38,No
32,No
64,No
32,No
36,Yes
13,Yes
33,No
63,Yes
38,No
32,No
33,No
NA,NA
59,No
36,No
10,Yes
37,No
30,No
32,No
NA,No
42,No
34,No
37,No
43,No
35,No
53,No
41,No
47,No
45,No
NA,Yes
53,No
60,No
63,No
49,No
42,No
26,Yes
34,No
54,No
59,No
46,No
44,No
45,No
51,No
NA,No
25,NA
29,No
41,Yes
38,No
36,No
50,NA
59,No
12,Yes
44,No
40,Yes
52,No
53,No
43,No
65,No
102,No
64,No
44,No
30,Yes
51,No
44,No
37,No
44,No
58,No
38,No
42,Yes
47,No
52,No
42,No
55,No
35,No
36,No
53,No
NA,No
57,No
NA,No
17,No
30,No
27,No
31,No
43,No
32,No
54,NA
45,Yes
15,No
38,No
60,No
45,No
43,No
32,No
47,No
41,No
50,No
11,Yes
28,Yes
37,No
34,No
44,Yes
48,No
35,No
56,No
31,No
NA,NA
52,No
50,No
12,No
55,No
40,No
53,No
37,No
56,No
34,No
43,No
69,No
8,Yes
42,No
34,No
53,Yes
53,Yes
37,No
43,No
50,No
44,No
40,No
66,No
12,NA
42,No
53,No
61,NA
35,No
43,No
55,No
18,No
55,No
34,No
40,No
49,No
56,No
40,No
54,No
34,No
36,No
63,No
35,No
40,No
56,No
49,Yes
38,No
46,Yes
53,No
44,No
60,No
62,No
42,Yes
40,No
46,No
51,No
42,No
75,No
43,No
42,No
52,No
58,No
41,No
47,No
37,No
53,Yes
NA,Yes
36,Yes
59,No
37,No
43,Yes
61,No
54,No
50,No
NA,NA
44,No
34,Yes
56,No
45,No
32,No
28,No
52,No
40,Yes
37,No
NA,No
29,Yes
45,No
45,No
53,No
51,No
50,No
34,No
34,No
27,No
62,No
45,No
35,No
35,No
41,No
48,NA
32,No
40,Yes
55,No
38,No
50,No
51,No
43,No
40,No
49,No
39,No
58,No
36,No
45,No
54,No
54,No
32,No
42,No
41,No
50,No
63,No
42,No
40,Yes
32,No
53,No
9,Yes
33,No
41,NA
44,No
30,No
34,No
57,No
37,No
41,No
40,No
44,No
35,No
27,No
55,No
54,No
65,No
52,No
58,No
36,No
58,No
68,No
43,No
NA,NA
51,No
50,No
54,No
45,No
36,No
34,No
32,No
28,No
45,No
48,No
40,No
50,No
44,No
38,No
59,No
53,No
52,No
61,No
NA,NA
47,NA
NA,No
51,No
27,No
31,No
55,No
32,No
43,No
28,No
58,No
57,No
61,No
53,No
70,No
37,No
34,No
46,No
22,No
51,No
35,No
43,No
62,No
31,No
40,No
55,No
44,Yes
42,No
50,NA
20,No
47,No
36,No
41,No
43,No
44,No
45,No
52,Yes
34,No
54,No
44,Yes
44,No
40,No
38,Yes
23,No
47,No
42,No
38,Yes
41,No
30,No
41,No
50,No
NA,No
34,No
52,No
42,Yes
32,No
45,No
45,No
38,Yes
51,No
38,No
37,No
40,No
24,No
37,No
58,No
NA,No
30,NA
30,No
36,Yes
31,No
37,No
49,No
36,No
35,No
51,Yes
34,No
49,No
50,No
48,Yes
32,No
38,No
37,No
32,No
34,No
49,No
34,No
44,No
72,No
40,No
33,No
40,No
47,No
46,No
28,No
40,No
33,Yes
17,No
NA,No
49,No
31,No
27,No
31,No
58,No
33,No
38,No
18,Yes
54,No
50,NA
39,No
33,No
54,No
30,No
27,No
52,No
35,Yes
47,No
49,Yes
26,No
32,No
28,No
46,Yes
35,No
43,No
57,No
38,No
36,Yes
32,No
75,No
45,No
46,No
34,Yes
35,No
63,No
53,No
NA,No
61,No
25,No
43,No
39,No
42,No
47,No
20,No
43,No
21,No
39,No
49,NA
42,No
40,No
45,Yes
43,No
12,Yes
36,No
46,No
33,No
58,Yes
58,No
63,No
32,No
58,No
56,No
NA,No
36,No
41,Yes
34,No
34,No
48,No
61,No
43,No
49,No
40,No
57,No
56,No
49,No
35,No
38,Yes
46,No
39,No
NA,NA
44,No
38,No
36,No
33,No
27,No
60,No
45,No
37,Yes
58,No
37,No
58,No
65,No
60,No
49,No
51,No
36,No
36,Yes
25,No
38,Yes
54,No
60,No
NA,NA
23,NA
34,No
47,No
30,No
43,No
39,No
52,No
36,No
65,No
37,Yes
56,No
49,No
8,Yes
33,No
29,No
46,No
40,No
67,No
30,No
25,No
45,No
56,No
13,No
51,No
30,No
55,No
50,No
50,No
44,Yes
47,No
49,No
55,No
50,No
28,No
42,No
NA,Yes
38,No
31,No
52,No
29,No
33,No
45,NA
NA,No
38,No
45,No
57,NA
52,No
46,No
46,No
NA,NA
36,No
48,No
47,No
43,No
28,No
40,No
34,No
62,No
35,No
NA,No
60,No
37,No
49,No
40,No
33,No
55,No
44,Yes
29,No
45,Yes
65,No
48,No
45,No
44,Yes
38,No
44,No
7,Yes
44,No
37,Yes
37,No
33,No
55,No
63,No
32,No
48,Yes
33,No
30,No
35,No
49,No
42,No
43,Yes
14,Yes
43,NA
NA,No
57,No
51,Yes
NA,No
43,No
47,NA
35,No
32,No
55,No
37,No
53,No
54,No
27,No
40,No
40,No
43,No
28,No
23,No
54,No
41,No
49,No
43,Yes
26,No
90,Yes
40,No
55,No
28,No
28,No
31,No
44,No
41,No
36,No
27,Yes
39,No
41,No
13,Yes
21,No
53,No
33,No
62,No
15,Yes
40,No
61,NA
59,No
53,No
26,No
24,NA
36,No
35,No
43,No
40,NA
45,Yes
47,No
100,No
51,No
70,No
17,No
42,No
53,No
56,No
33,No
61,Yes
43,No
32,No
NA,No
38,No
59,No
26,No
36,No
46,No
48,No
36,No
61,No
70,No
30,No
62,No
35,No
63,No
46,Yes
39,Yes
32,No
11,Yes
52,No
49,Yes
44,No
39,Yes
37,No
39,No
53,No
22,No
42,No
9,No
37,No
57,No
37,No
30,No
29,No
53,No
45,No
NA,No
76,No
47,No
6,Yes
41,No
37,No
33,Yes
34,NA
100,No
33,No
52,No
51,No
34,No
33,No
48,No
1000,Yes
35,No
32,No
35,No
16,Yes
36,No
61,No
36,Yes
NA,NA
59,No
33,Yes
47,No
35,No
37,No
49,No
61,Yes
62,No
35,No
49,No
33,No
27,No
48,No
36,No
36,No
21,No
41,Yes
37,No
45,No
30,No
32,No
61,No
52,No
46,No
34,No
36,No
49,No
35,No
30,NA
49,NA
48,No
43,Yes
50,Yes
34,No
36,No
32,No
30,No
53,No
32,No
NA,No
NA,No
63,No
39,No
47,No
64,Yes
NA,No
71,No
34,No
34,No
27,No
NA,No
57,No
47,No
44,No
36,NA
44,No
49,No
50,Yes
63,No
27,No
48,No
48,No
56,No
45,No
42,No
43,No
35,No
36,No
30,No
42,No
44,No
58,No
43,No
21,Yes
27,No
31,Yes
21,No
30,No
25,No
36,No
38,No
53,No
32,No
41,No
58,No
44,No
30,No
33,No
NA,NA
51,No
35,No
54,No
34,No
33,No
68,NA
47,No
42,No
47,Yes
NA,No
42,No
42,Yes
36,No
49,No
34,No
47,No
65,No
46,No
47,Yes
64,No
38,No
41,No
38,No
24,No
39,Yes
46,No
36,No
NA,No
30,Yes
34,No
33,No
22,Yes
30,No
39,No
42,No
39,No
34,No
28,No
44,No
47,No
34,No
32,Yes
44,No
49,Yes
16,No
56,No
40,No
38,No
64,No
21,No
NA,No
41,Yes
15,No
33,No
41,No
33,No
23,No
50,No
50,No
51,No
37,No
56,No
52,No
33,Yes
37,No
43,No
55,No
47,No
41,No
61,No
26,No
23,No
24,No
39,No
11,Yes
24,No
53,No
43,No
56,No
49,No
39,No
54,No
40,Yes
36,No
28,No
23,No
48,No
32,No
49,No
29,No
28,No
45,No
50,No
48,No
45,No
41,No
41,Yes
45,No
26,No
30,No
60,No
40,No
46,No
48,No
30,No
34,No
NA,NA
38,No
17,No
15,Yes
15,Yes
27,No
54,No
13,Yes
32,No
37,No
36,No
55,Yes
60,No
38,No
60,No
46,No
26,No
38,No
41,Yes
20,No
26,No
27,No
47,No
38,No
37,No
52,No
53,No
45,No
30,No
39,No
38,No
32,Yes
38,No
37,No
48,No
44,No
45,No
58,No
42,Yes
37,No
34,No
28,No
32,No
45,No
43,No
34,No
36,No
46,No
28,NA
41,No
28,No
49,No
60,No
34,No
53,No
41,Yes
49,No
41,Yes
67,Yes
52,No
52,No
42,No
51,No
15,No
31,No
30,No
55,NA
41,No
43,NA
47,Yes
42,No
40,No
34,No
54,No
58,No
47,Yes
43,No
48,No
70,No
40,Yes
42,No
28,No
30,No
45,No
39,No
37,No
37,No
30,No
27,No
33,Yes
18,Yes
42,No
NA,No
46,Yes
37,No
34,No
55,No
30,No
40,No
20,No
36,No
58,No
52,No
54,No
39,No
32,Yes
NA,No
46,Yes
46,Yes
27,Yes
40,No
53,No
34,No
55,No
39,No
21,No
47,No
20,No
44,No
40,Yes
37,No
34,Yes
28,No
27,No
77,No
39,No
53,No
47,No
41,No
66,No
33,No
37,No
33,Yes
38,No
64,No
56,No
56,No
32,No
32,No
NA,No
62,No
46,No
27,No
50,No
42,No
25,No
43,No
34,No
48,No
42,No
26,Yes
50,No
34,No
11,Yes
56,No
31,No
52,No
54,No
45,No
48,No
42,No
29,No
16,No
45,No
NA,No
50,NA
40,No
68,Yes
42,No
50,No
36,Yes
49,No
59,No
42,NA
27,No
49,No
43,No
33,No
32,No
34,No
41,No
46,No
50,No
53,No
39,Yes
22,No
NA,No
62,No
30,No
NA,NA
18,Yes
27,Yes
56,No
41,No
NA,No
53,No
48,No
41,No
49,No
29,No
26,No
NA,No
27,No
40,No
45,No
43,No
42,No
32,No
49,No
32,Yes
43,Yes
30,No
33,No
37,No
51,No
44,NA
59,No
40,No
38,No
45,Yes
33,No
25,No
NA,No
36,No
50,No
71,No
48,No
43,No
49,No
40,No
44,No
49,No
38,NA
44,No
47,Yes
36,No
35,NA
32,No
55,Yes
40,No
36,No
25,No
51,No
27,No
39,No
45,No
43,No
41,No
49,No
26,No
37,No
38,No
33,No
36,NA
44,No
46,No
36,No
49,No
36,No
31,No
47,No
37,No
61,NA
53,No
42,No
38,Yes
NA,NA
35,Yes
35,No
37,Yes
47,No
NA,Yes
34,No
64,No
32,No
27,No
40,No
46,No
30,No
37,No
37,No
43,No
39,Yes
43,No
40,No
25,No
39,No
54,NA
37,No
26,No
32,No
34,No
34,No
43,Yes
30,No
33,No
46,Yes
49,No
58,No
59,No
34,NA
40,No
31,No
32,No
75,No
47,No
39,No
37,No
46,No
35,Yes
59,No
34,No
32,No
42,No
45,No
31,Yes
27,No
64,No
43,No
41,No
34,Yes
40,No
28,NA
36,No
31,No
49,No
33,No
56,No
56,No
43,No
43,No
38,No
39,No
33,No
45,No
34,No
34,No
50,No
34,No
47,No
39,No
29,No
NA,NA
51,No
40,No
44,No
21,Yes
35,No
48,No
30,No
58,No
63,No
42,No
35,No
43,No
32,No
29,No
23,No
38,No
56,No
48,No
30,No
45,No
53,No
40,Yes
42,No
45,No
41,No
50,No
41,No
45,No
66,No
47,No
37,Yes
33,No
36,No
39,No
44,No
26,Yes
49,Yes
18,No
42,No
46,No
35,No
40,No
41,No
32,No
35,No
29,No
40,No
28,No
42,Yes
35,No
64,No
58,No
56,No
22,No
36,Yes
46,Yes
59,No
33,No
49,No
50,No
55,No
NA,No
56,No
34,No
29,No
49,No
53,Yes
38,No
20,No
54,No
49,No
30,No
46,No
39,No
56,No
39,Yes
60,No
41,No
35,No
27,No
48,No
52,No
53,No
37,No
31,No
40,No
34,No
44,No
29,NA
31,No
50,No
48,No
42,Yes
47,No
35,NA
53,No
55,No
40,No
42,NA
73,No
43,No
56,No
35,No
48,Yes
42,No
70.5,No
40,NA
47,No
57,No
28,No
42,Yes
49,No
64,No
47,No
62,No
28,No
41,No
41,No
20,No
44,No
40,No
40,No
40,No
38,No
47,No
35,Yes
27,No
44,Yes
46,No
29,No
NA,No
27,Yes
47,NA
35,No
43,Yes
34,NA
40,No
41,No
32,No
35,No
49,No
48,No
34,Yes
53,No
40,Yes
40,No
29,No
42,No
37,No
14,No
37,No
38,No
48,No
15,No
41,No
36,No
38,No
33,No
72,No
32,No
44,No
35,No
27,No
1,Yes
43,No
NA,Yes
47,No
15,Yes
27,No
35,No
41,Yes
29,No
33,No
37,No
46,No
35,No
56,No
45,No
50,No
48,No
43,No
41,No
42,Yes
58,No
54,No
36,No
49,No
35,No
47,No
36,No
NA,No
49,No
48,No
39,No
29,No
48,No
41,No
40,Yes
33,No
60,No
36,No
51,No
52,No
33,No
32,No
33,No
44,Yes
41,No
40,No
55,No
43,No
30,No
31,No
29,No
46,No
50,Yes
63,No
36,No
37,No
30,No
37,No
27,NA
57,No
35,No
42,No
31,No
43,No
41,No
63,No
39,No
30,No
65,No
50,No
43,No
24,Yes
44,No
38,Yes
48,Yes
60,No
53,NA
37,No
42,Yes
38,No
48,No
30,No
4,Yes
30,No
35,No
58,No
35,No
68,No
73,No
33,No
49,No
30,No
42,No
28,No
56,No
43,Yes
40,No
31,No
44,No
NA,No
73,No
42,No
30,No
36,No
NA,NA
40,No
41,No
49,No
21,No
26,No
45,No
37,No
37,No
32,No
32,No
45,No
38,No
76,No
40,Yes
29,No
49,Yes
60,No
48,No
41,No
24,No
56,Yes
41,No
45,No
45,No
36,No
36,No
54,NA
35,No
50,No
24,Yes
NA,No
26,Yes
47,No
43,No
36,Yes
NA,NA
31,No
57,No
45,No
39,NA
36,No
NA,No
59,No
50,No
48,NA
26,No
30,No
NA,No
32,No
27,No
30,No
41,No
31,No
36,No
39,Yes
24,No
35,No
43,No
42,Yes
41,Yes
NA,Yes
37,No
NA,No
43,Yes
37,No
56,No
24,No
59,No
43,No
17,NA
46,No
55,No
57,No
73,No
46,No
56,No
36,No
35,No
45,No
39,No
51,No
19,No
52,No
44,No
49,Yes
53,Yes
39,No
41,No
28,No
35,No
59,No
51,No
30,No
51,No
33,No
63,No
NA,Yes
11,Yes
38,No
42,No
31,No
31,No
45,No
45,No
39,No
35,No
18,No
18,No
40,Yes
39,No
43,No
34,Yes
46,No
46,No
NA,NA
52,Yes
68,Yes
39,No
52,No
57,No
25,No
48,No
27,No
NA,NA
42,No
26,No
39,No
34,No
34,No
67,NA
27,No
43,No
NA,No
NA,No
25,No
43,No
40,No
26,No
24,No
33,No
26,No
58,No
66,No
